 [
    {
        "id": 1,
        "fecha": "31 de octubre del 2022",
        "copy": "Aqui en pijama jeje",
        "imagen": "/images/post/post1.jpg"   
    },
    {
        "id": 2,
        "fecha": "18 de noviembre del 2022",
        "copy": "Selfie con mi mejor amigo",
        "imagen": "/images/post/post2.jpg"   
    },
    {
        "id": 3,
        "fecha": "31 de octubre del 2022",
        "copy": "Listo para Halloween",
        "imagen": "/images/post/post3.jpg"   
    },
    {
        "id": 4,
        "fecha": "25 de diciembre del 2022",
        "copy": "Hermosa nieve de navidad",
        "imagen": "/images/post/post4.jpg"   
    },
    {
        "id": 5,
        "fecha": "02 de enero del 2023",
        "copy": "Veranito ya",
        "imagen": "/images/post/post5.jpg"   
    },
    {
        "id": 6,
        "fecha": "02 de febrero del 2023",
        "copy": "Pensativo",
        "imagen": "/images/post/post6.jpg"   
    },
    {
        "id": 7,
        "fecha": "04 de febrero del 2023",
        "copy": "Visitando a un amigo",
        "imagen": "/images/post/post7.jpg"   
    },
    {
        "id": 8,
        "fecha": "14 de febrero del 2023",
        "copy": "Solo en San Valentín",
        "imagen": "/images/post/post8.jpg"   
    }
   
]